{
    "sources": [
        {
            "DOI": "10.1086/225159",
            "URL": "https://www.journals.uchicago.edu/doi/10.1086/225159",
            "author": [
                {
                    "family": "Beattie",
                    "given": "Christopher"
                },
                {
                    "family": "Spencer",
                    "given": "Byron G."
                }
            ],
            "container-title": "American Journal of Sociology",
            "id": "beattie1971",
            "issue": "3",
            "issued": {
                "date-parts": [
                    [
                        1971,
                        11
                    ]
                ]
            },
            "language": "en",
            "page": "472-490",
            "title": "Career Attainment in Canadian Bureaucracies: Unscrambling the Effects of Age, Seniority, Education, and Ethnolinguistic Factors on Salary",
            "title-short": "Career Attainment in Canadian Bureaucracies",
            "type": "article-journal",
            "volume": "77"
        },
        {
            "DOI": "10.1086/588738",
            "author": [
                {
                    "family": "Castilla",
                    "given": "Emilio J"
                }
            ],
            "container-title": "American Journal of Sociology",
            "id": "castilla2008",
            "issue": "6",
            "issued": {
                "date-parts": [
                    [
                        2008
                    ]
                ]
            },
            "language": "en",
            "page": "48",
            "title": "Gender, Race, and Meritocracy in Organizational Careers",
            "type": "article-journal",
            "volume": "113"
        },
        {
            "author": [
                {
                    "family": "Yang",
                    "given": "Shenghuan"
                },
                {
                    "family": "Islam",
                    "given": "Md Tariqul"
                }
            ],
            "id": "yang",
            "language": "en",
            "title": "IBM Employee Attrition Analysis",
            "type": "article-journal"
        },
        {
            "author": [
                {
                    "family": "Little",
                    "given": "Roderick J. A."
                },
                {
                    "family": "Rubin",
                    "given": "Donald B."
                }
            ],
            "collection-title": "Wiley series in probability and statistics",
            "edition": "Third edition",
            "id": "little2020",
            "issued": {
                "date-parts": [
                    [
                        2020
                    ]
                ]
            },
            "publisher": "Wiley",
            "publisher-place": "Hoboken, NJ",
            "title": "Statistical analysis with missing data",
            "type": "book"
        },
        {
            "DOI": "10.5465/amj.2011.4001",
            "URL": "http://journals.aom.org/doi/10.5465/amj.2011.4001",
            "author": [
                {
                    "family": "Sparrowe",
                    "given": "Raymond T."
                },
                {
                    "family": "Mayer",
                    "given": "Kyle J."
                }
            ],
            "container-title": "Academy of Management Journal",
            "id": "sparrowe2011",
            "issue": "6",
            "issued": {
                "date-parts": [
                    [
                        2011,
                        12
                    ]
                ]
            },
            "language": "en",
            "page": "1098-1102",
            "title": "Publishing in <i>AMJ</i> Part 4: Grounding Hypotheses",
            "title-short": "Publishing in <i>AMJ</i> Part 4",
            "type": "article-journal",
            "volume": "54"
        },
        {
            "DOI": "10.4135/9781071878613",
            "URL": "https://methods.sagepub.com/book/understanding-correlation-matrices",
            "author": [
                {
                    "family": "Hadd",
                    "given": "Alexandria"
                },
                {
                    "family": "Rodgers",
                    "given": "Joseph Lee"
                }
            ],
            "id": "hadd2021",
            "issued": {
                "date-parts": [
                    [
                        2021
                    ]
                ]
            },
            "note": "DOI: 10.4135/9781071878613",
            "publisher": "SAGE Publications, Inc.",
            "publisher-place": "2455 Teller Road, Thousand Oaks California 91320",
            "title": "Understanding correlation matrices",
            "type": "book"
        }
    ],
    "project_biblios": []
}